{"cameraMode":{"drawMode":0,"name":"Shaded","section":"Shading Mode"},"sceneLighting":false,"audioPlay":false,"sceneViewState":{"showFog":true,"showMaterialUpdate":false,"showSkybox":false,"showFlares":true,"showImageEffects":true,"showParticleSystems":true},"in2DMode":false,"pivot":{"x":501.03948974609377,"y":-78.60685729980469,"z":1002.307861328125},"rotation":{"x":-0.198758065700531,"y":-0.014415341429412365,"z":0.0029680943116545679,"w":-0.9799380898475647},"size":2369.60888671875,"orthographic":false}