{"cameraMode":{"drawMode":0,"name":"Shaded","section":"Shading Mode"},"sceneLighting":true,"audioPlay":false,"sceneViewState":{"showFog":true,"showMaterialUpdate":false,"showSkybox":true,"showFlares":true,"showImageEffects":true,"showParticleSystems":true},"in2DMode":false,"pivot":{"x":-40.50377655029297,"y":9.731195449829102,"z":87.94525146484375},"rotation":{"x":-0.24370010197162629,"y":-0.3371726870536804,"z":0.09086211025714874,"w":-0.9048032760620117},"size":180.116943359375,"orthographic":false}