{"cameraMode":{"drawMode":0,"name":"Shaded","section":"Shading Mode"},"sceneLighting":false,"audioPlay":false,"sceneViewState":{"showFog":true,"showMaterialUpdate":false,"showSkybox":false,"showFlares":true,"showImageEffects":true,"showParticleSystems":true},"in2DMode":false,"pivot":{"x":445.36279296875,"y":39.9835090637207,"z":1054.1417236328125},"rotation":{"x":-0.198758065700531,"y":-0.014415341429412365,"z":0.0029680943116545679,"w":-0.9799380898475647},"size":2208.5947265625,"orthographic":false}