{"cameraMode":{"drawMode":0,"name":"Shaded","section":"Shading Mode"},"sceneLighting":true,"audioPlay":false,"sceneViewState":{"showFog":true,"showMaterialUpdate":false,"showSkybox":true,"showFlares":true,"showImageEffects":true,"showParticleSystems":true},"in2DMode":false,"pivot":{"x":25.806106567382814,"y":24.676246643066408,"z":123.29696655273438},"rotation":{"x":-0.20906749367713929,"y":0.7830803990364075,"z":-0.34688833355903628,"w":-0.4719580411911011},"size":130.1996307373047,"orthographic":false}