{"cameraMode":{"drawMode":0,"name":"Shaded","section":"Shading Mode"},"sceneLighting":false,"audioPlay":false,"sceneViewState":{"showFog":true,"showMaterialUpdate":false,"showSkybox":false,"showFlares":true,"showImageEffects":true,"showParticleSystems":true},"in2DMode":false,"pivot":{"x":-0.2950305938720703,"y":17.69249725341797,"z":109.60611724853516},"rotation":{"x":-0.4136919379234314,"y":0.563711404800415,"z":-0.38865020871162417,"w":-0.6000329852104187},"size":151.3199920654297,"orthographic":false}